asset_tag,description,facility,acquired,disposed
a,eiofnvsiolk,A,2017-09-09 00:00:00,
c,sklfvghi,C,2017-09-09 00:00:00,
e,oirevn43,E,2017-09-09 00:00:00,
g,qoypqoiwu,G,2017-09-09 00:00:00,
hufiwnsn,senfbvoiwni,H,2017-09-09 00:00:00,
b,ijsohwe,B,2017-09-09 00:00:00,2017-09-16 00:00:00
d,sdugvho3,D,2017-09-09 00:00:00,2017-09-26 00:00:00
f,0nldknv,F,2017-09-09 00:00:00,2017-09-21 00:00:00
